following,follower
joramot,joramot
kenjinote,kenjinote
amandhillon,amandhillon
solmaster81,solmaster81
gamemann,gamemann
idimetrix,idimetrix
unmitra,unmitra
jonkirathe,jonkirathe
fazlay,fazlay
IDouble,IDouble
mpa-mxiang,mpa-mxiang
djvelimir,djvelimir
mmertpolat,mmertpolat
sungeer,sungeer
chipnertkj,chipnertkj
xbucks,xbucks
ohmysaudi,ohmysaudi
fathikhalil,fathikhalil
1cbyc,1cbyc
hu8813,hu8813
OsamaAlmamri,OsamaAlmamri
liamsmith413,liamsmith413
JuanDiegoGuerra,JuanDiegoGuerra
mxmnk,mxmnk
AppServiceProvider,AppServiceProvider
MahbubHossainFaisal,MahbubHossainFaisal
ip681,ip681
theresetuyi,theresetuyi
benja27,benja27
adonisdev0403,adonisdev0403
rashidmakki,rashidmakki
abdorrahmani,abdorrahmani
hossein-no1,hossein-no1
SWxEng,SWxEng
Dantechdevs,Dantechdevs
BEPb,BEPb
Dmytro1991ua,Dmytro1991ua
PHPTCloud,PHPTCloud
RifatHasan-g,RifatHasan-g
Marcraphael12,Marcraphael12
jewel-hasan,jewel-hasan
morganm94,morganm94
H-K-R,H-K-R
adisagar2003,adisagar2003
iEmaz,iEmaz
Gizachew29,Gizachew29
OfficialCodeVoyage,OfficialCodeVoyage
JohnMwendwa,JohnMwendwa
zied-snoussi,zied-snoussi
mhnazary,mhnazary
Charles-Chrismann,Charles-Chrismann
felixdev0429,felixdev0429
Thuotracy,Thuotracy
jarvis-acv,jarvis-acv
Omar95-A,Omar95-A
mehulrajdev,mehulrajdev
Rohit24-code,Rohit24-code
lincoln1883,lincoln1883
afaaaq85,afaaaq85
emarkees,emarkees
TaronVardanyan,TaronVardanyan
josman227,josman227
AbetiouSN,AbetiouSN
beteland123,beteland123
HAMMAS-SALEEM,HAMMAS-SALEEM
Emmanuel687,Emmanuel687
Solex202,Solex202
nizar787,nizar787
george0st,george0st
kamlendras,kamlendras
Bahadur777,Bahadur777
aldrshan,aldrshan
cumsoft,cumsoft
astroboyReloaded,astroboyReloaded
mvaibhav131,mvaibhav131
Syipmong,Syipmong
Igna73M,Igna73M
shm04,shm04
haftamudesta,haftamudesta
yoshinodev,yoshinodev
Simofatt,Simofatt
ABKADRI-AMINE,ABKADRI-AMINE
fancy517,fancy517
Fentahunn,Fentahunn
Jasdev2910,Jasdev2910
ThecoderPinar,ThecoderPinar
baezluise,baezluise
XCBA,XCBA
MoyasiGinko,MoyasiGinko
habibundayishimiye,habibundayishimiye
KokosP,KokosP
victormc13,victormc13
Gardimy,Gardimy
marrynem,marrynem
Irina-Smol,Irina-Smol
DIMFLIX,DIMFLIX
mdtanvirahamedshanto,mdtanvirahamedshanto
ghassanelgendy,ghassanelgendy
CarlosAlexandre197,CarlosAlexandre197
loranYousef,loranYousef
Afsanehaa,Afsanehaa
in-jun,in-jun
Jrmcuervo,Jrmcuervo
StevenWafeek,StevenWafeek
tomasesquivelgc,tomasesquivelgc
Ambesawi,Ambesawi
BenMKT,BenMKT
stainless-nata,stainless-nata
klouds27,klouds27
narges-rameh,narges-rameh
Tarasyonok,Tarasyonok
Ruth12mak,Ruth12mak
DavoudMolaei,DavoudMolaei
peymanmotamedifar,peymanmotamedifar
juliofleitas,juliofleitas
Shaharyar-54,Shaharyar-54
MasterLeiva,MasterLeiva
jicamargo,jicamargo
MatthewMacri,MatthewMacri
DaniloAnndrade,DaniloAnndrade
Emakiflom,Emakiflom
JuanDBta,JuanDBta
Makitey,Makitey
RamonLarcherRibeiro,RamonLarcherRibeiro
kazimc4n,kazimc4n
dongwookkim3,dongwookkim3
worldseven,worldseven
0x0geek,0x0geek
warmice71,warmice71
goktugkayra,goktugkayra
jahan5455,jahan5455
dawn0123,dawn0123
Honestdev125,Honestdev125
Nakshatra05,Nakshatra05
BitPassion,BitPassion
chavi362,chavi362
Sam666O,Sam666O
mitranaser,mitranaser
mahseema,mahseema
she77ll,she77ll
MohamedAyman22E,MohamedAyman22E
marichu-kt,marichu-kt
mahfam1212,mahfam1212
ghazal52,ghazal52
tahamostafavi,tahamostafavi
seniorvuejsdeveloper,seniorvuejsdeveloper
Ahmad-2785,Ahmad-2785
TopGuru777,TopGuru777
leonhiat,leonhiat
StefanHritcu,StefanHritcu
vahideabdi,vahideabdi
AlexNesvit,AlexNesvit
alexfarrerodev,alexfarrerodev
TechStart1022,TechStart1022
livedeveloper823,livedeveloper823
stan8086,stan8086
nullptrException100,nullptrException100
edward7770,edward7770
manmaks,manmaks
Pookie0717,Pookie0717
vikram-singh9,vikram-singh9
Blux612,Blux612
RealDiligent,RealDiligent
NinjaCrypto0831,NinjaCrypto0831
thepiratehub,thepiratehub
raccoon411,raccoon411
cornel-cp,cornel-cp
dominic-eryk,dominic-eryk
thamiscoder,thamiscoder
itsKayWat,itsKayWat
MdShawonForazi,MdShawonForazi
LinuxJS,LinuxJS
Yaroslav47473,Yaroslav47473
CodeEvolv,CodeEvolv
